{"cameraMode":{"drawMode":0,"name":"Shaded","section":"Shading Mode"},"sceneLighting":true,"audioPlay":false,"sceneViewState":{"m_AlwaysRefresh":false,"showFog":true,"showSkybox":true,"showFlares":true,"showImageEffects":true,"showParticleSystems":true,"showVisualEffectGraphs":true,"m_FxEnabled":true},"in2DMode":false,"pivot":{"x":0.42044544219970705,"y":1.5408668518066407,"z":0.14063692092895509},"rotation":{"x":-0.05395837873220444,"y":0.9437054991722107,"z":-0.19406042993068696,"w":-0.2623968720436096},"size":4.037762641906738,"orthographic":false}