{"cameraMode":{"drawMode":0,"name":"Shaded","section":"Shading Mode"},"sceneLighting":true,"audioPlay":false,"sceneViewState":{"m_AlwaysRefresh":false,"showFog":true,"showSkybox":true,"showFlares":true,"showImageEffects":true,"showParticleSystems":true,"showVisualEffectGraphs":true,"m_FxEnabled":true},"in2DMode":false,"pivot":{"x":1.9047691822052003,"y":1.0454838275909424,"z":0.3675727844238281},"rotation":{"x":0.2835656702518463,"y":0.29975035786628725,"z":-0.09381217509508133,"w":0.9060578346252441},"size":1.7592962980270386,"orthographic":false}