{"cameraMode":{"drawMode":0,"name":"Shaded","section":"Shading Mode"},"sceneLighting":true,"audioPlay":false,"sceneViewState":{"m_AlwaysRefresh":false,"showFog":true,"showSkybox":true,"showFlares":true,"showImageEffects":true,"showParticleSystems":true,"showVisualEffectGraphs":true,"m_FxEnabled":true},"in2DMode":false,"pivot":{"x":-0.43773674964904787,"y":0.431587815284729,"z":0.18977642059326173},"rotation":{"x":-0.03685861825942993,"y":0.9583055377006531,"z":-0.14513720571994782,"w":-0.24336804449558259},"size":10.127815246582032,"orthographic":false}